ids,ARAF,ERN1,CIT,MAPK14,PRKCI,MAP4K5,TAOK3,CAMKK2,SRPK1,TNK2,CSNK1E,PLK1,IRAK1,MAP3K1,PDGFRB,CDK2,RPS6KA2,TTK,CDK9,YES1,MAPK1,MAPK3,MAP4K4,MINK1,PAK3,SRPK3,PIK3CA,KIT,PAK1,MAP2K1,LIMK1,LIMK2,PIK3CB,ABL1,CDK6,ABL2,AKT1,AKT2,CAMK2D,MAST1,PRKACA,MAPK9,LATS1,CDK1,CDK5,STK4,CDK4,ROCK1,ROCK2,MTOR,STK3,PHKG2,MAPKAPK2,DYRK2,MAP3K3,ULK1,PAK2,CAMK2G,MAP3K15,CAMK2A,CSNK2A2,EIF2AK1,MELK,PAK4,RPS6KA3,RPS6KA4,MKNK2,CDKL5,HIPK3,CDK17,FYN,MAP3K2,PKN2,TAOK1,PRKACB,MARK3,CLK1,AURKB,RPS6KB1,RPS6KA6,AKT3,BMP2K,CLK2,MAP3K11,SIK2,CDK7,PRKAA1,PRKD3,CLK4,RIPK3
F0763,0.54046716,0.431613404,1.234110466,0.417421747,0.809600786,0.516704723,1.897775983,1.720111424,0.178474707,0.788642915,0.503911034,0.445934811,1.006391343,0.661208571,0.696784562,0.069092238,0.569223359,0.528199711,0.618033195,1.011593634,0.706325319,0.706325319,0.79735661,0.615746919,0.12537376,0.035287361,0.875084321,0.870037762,1.078423889,1.32110165,0.716439117,0.716439117,1.036727002,-0.225061207,2.45094725,-0.055419957,1.576567155,1.576567155,0.632532989,1.363169269,0.195687383,0.463733485,0.211823804,0.649603102,0.649603102,0.674009887,-0.144937609,0.789835984,0.789835984,3.51325782,1.369029461,0.481952153,-0.046892986,-0.011368002,1.368210836,2.758735732,0.057377294,0.580416212,0.015435478,0.563878401,0.275826598,1.773189061,1.042393407,1.197526814,0.443414322,1.103866287,0.342547087,0.296110751,-0.078669396,1.735826392,1.087636263,0.20675033,-0.042899328,1.236293456,1.047210967,3.672602251,0.191701992,0.419487407,0.694149576,0.198346464,0.04307564,-0.00327774,-0.011599061,3.984552227,0.670892477,0.727046463,0.106443816,0.094933461,0.048641438,-3.145708092
F2601,0.554448173,0.43310544,0.472032388,0.681820847,0.360398992,0.450757934,0.398253687,0.511142948,0.388063726,0.419568123,0.246858694,1.270516592,0.350257325,0.41119712,0.708985876,0.105223293,1.249808358,0.347277093,0.105056421,0.558144746,0.750340068,0.750340068,0.503843843,0.63977175,0.12494318,0.008400253,0.238540522,0.368939644,0.291397942,0.854697216,0.220309902,0.220309902,0.62491938,0.111535634,1.019872093,0.187922819,1.014443041,1.014443041,0.03068784,0.82726025,0.378276149,0.194000676,0.24737147,0.258031743,0.258031743,0.889776164,-0.020606067,1.095539761,1.095539761,0.641948281,0.192173553,0.87345806,0.004727297,0.036914471,0.12685701,1.696003871,-0.166960514,0.258230673,-0.048674144,0.028000191,0.103972366,3.3589486,1.769487207,1.038647113,0.784807353,0.439142168,-0.72358955,0.066087196,0.074938914,1.915860627,0.704653691,0.315790662,-0.061431927,1.876576571,0.655685103,2.964750378,0.504461622,4.411590872,2.563056803,0.437085087,-0.185119133,0.016416665,0.575073465,2.910840472,0.686447755,0.192820217,0.235665965,1.853371496,1.074289746,1.429141368
F2673,0.717901326,0.632357011,0.821930937,0.796797597,0.758574206,0.625169579,0.691381626,0.724968961,0.296872154,0.556045479,0.458731063,0.823403874,0.694380756,0.604078066,0.964105993,0.28412361,1.738074741,0.441713375,0.244751787,0.840046918,0.542098128,0.542098128,0.822375719,0.526357864,0.29270039,0.10666951,0.490757075,0.704212928,0.830294953,1.086049601,1.191052599,1.191052599,0.867060339,1.173769816,0.799291852,0.569669476,1.160947922,1.160947922,0.201744536,0.71458712,0.450312515,0.367732249,0.446355018,0.653790862,0.653790862,0.976326563,-0.089878936,1.517686232,1.517686232,0.51443605,0.250877687,0.738310577,0.031597613,0.188391732,0.508891084,0.931970601,-0.035091814,0.241920641,0.113320464,0.073590687,0.179222924,1.572931581,0.493256055,1.108678161,0.545391723,0.376520624,-0.648520909,0.131651573,-1.437219994,0.182371855,0.138178144,0.125256222,0.033440623,2.122202146,0.42968633,3.99961398,0.465840511,4.897599377,0.817409125,0.272514274,-0.008794682,-0.012112128,0.352236761,3.609638764,0.200660207,0.216204334,0.320214197,1.019884003,0.623489365,0.228053938
F3347,0.576039148,0.664388218,0.840911654,0.637908589,0.808052077,0.512410033,0.959832392,0.841033238,0.469736039,0.780221371,0.43147696,0.618721436,0.8216582,0.42523245,0.692494148,0.322740176,1.704818123,0.284921334,0.445435808,0.522931881,0.756996265,0.756996265,0.488905405,0.323106324,0.236314816,0.158490127,0.323885936,0.605433699,0.596928358,0.934628449,0.878052723,0.878052723,0.692574242,0.805323813,0.949963607,0.256224082,1.114118805,1.114118805,0.215137816,0.907039222,0.265384081,0.581271762,0.410838446,1.049860176,1.049860176,0.700125978,0.040144673,1.344441684,1.344441684,1.831009159,0.347451761,0.475970701,0.03702692,0.145121394,0.23922974,1.680089668,0.017243389,0.305382765,0.028781243,0.095404057,0.216035899,0.931820906,1.68478699,0.68834728,0.205565478,0.313456164,-0.249348007,0.023294873,-0.183283732,0.611759287,0.312731222,0.212417318,-0.044041974,0.627535586,0.402742626,4.537489352,0.363204116,2.755097226,0.869839247,0.214750191,-0.019527209,-0.019632131,0.14353109,3.922441697,0.165149062,0.304563452,3.28301948,0.130574016,0.090111933,1.917109277
F3892,0.49445291,0.575405027,0.991737575,0.726771448,0.927318662,0.430134533,1.183364865,1.001342378,0.570988841,0.632493071,0.458854164,0.611369754,0.867281181,0.444627388,1.082511562,0.084722041,1.392818212,0.583631063,0.398024707,1.433186243,0.684635575,0.684635575,1.160065682,0.957613033,0.221751354,0.372930906,0.505497542,0.820609035,0.562236704,0.536626903,0.653461457,0.653461457,1.102545663,0.129508734,2.981303036,0.238240884,0.820037166,0.820037166,0.364110521,0.415355917,0.325946256,0.750039879,0.334904636,0.360803864,0.360803864,1.114969512,-0.084509268,1.567264056,1.567264056,1.850640889,0.813378035,0.292759702,-0.017401635,0.099099635,1.406283963,3.986856846,-0.128942727,0.47720833,-0.066153397,0.438446117,0.378619303,1.531340012,1.096495394,1.297723468,0.296239156,0.566941893,-0.274377536,0.109749126,0.154285111,2.293867886,2.31676853,0.279802415,-0.044285342,1.192721421,0.465726299,2.388850141,0.249669229,0.475137964,0.764283259,0.418498181,0.026466542,0.009575927,0.075139836,4.953625546,2.163086296,0.461781238,0.325783691,0.076779386,0.036652368,0.449609099
F6350,0.554279464,0.728077723,0.948331217,0.590759049,1.29984397,0.551234443,0.934511276,0.904002234,0.42927086,0.548145128,0.735455272,0.511778873,1.090981088,0.569405538,0.744196974,0.491994181,1.509835437,0.507418989,0.291399844,0.833934289,0.470326764,0.470326764,0.696717286,0.746189645,0.280106446,0.185667882,0.537851647,0.753742915,0.464482906,0.228357612,0.50398776,0.50398776,0.63926175,0.404920018,2.672509657,0.223840322,1.917594901,1.917594901,0.550447855,0.76696401,0.682699001,0.566329893,0.78896119,0.648496935,0.648496935,0.60974303,0.388963365,1.216400604,1.216400604,1.12426984,0.44441951,0.450584912,-0.126358212,0.31537769,0.531907196,3.24115148,0.205791095,1.116551513,-0.080865089,0.712152209,0.499834358,2.575798705,1.275155877,0.886087245,0.534172036,1.442184868,-0.401404582,0.031166642,-0.536443413,1.490664688,0.229606863,0.170377853,-0.055719036,0.678462468,0.390720144,3.226298248,0.225373854,0.484863503,0.588803204,0.29829136,0.291640624,0.200063668,-0.018481432,5.030667901,0.280572376,0.840569185,-0.00167833,0.0195611,0.00152156,0.661509942
F6962,0.747095414,0.926629448,1.00834857,0.482750743,0.597641005,0.550466322,1.041295539,1.101121012,0.425809223,0.436509696,0.504361884,0.876317283,1.256516626,0.444579179,0.805238215,0.228374193,1.298218673,0.437484376,0.377263515,0.728063107,0.585029023,0.585029023,0.696915206,0.701866371,0.246561928,0.037343012,0.346668276,0.651122014,0.630806543,0.502372396,0.589795637,0.589795637,0.557567094,0.503684952,1.4651876,0.280744196,1.86457543,1.86457543,0.176452904,0.609151528,0.157181636,0.271459789,0.146411461,0.338328129,0.338328129,0.619042533,-0.163355709,1.535322185,1.535322185,1.073819157,0.421458254,0.364976876,0.086245385,0.055063034,-0.022249163,1.27693533,0.038344321,0.292487478,0.10877815,0.076412578,0.145392074,1.410104509,2.344281547,1.248847028,0.628207718,0.273033361,0.063281556,0.073080109,-1.59766425,0.599937139,0.214571949,0.121485674,-0.030178166,1.399811643,0.357702416,1.403896223,0.346379082,2.290337198,0.775801155,0.248278281,0.225836841,-0.005659068,0.215395605,3.799810913,0.255046777,0.143162143,0.545422821,0.150049299,0.115281876,-0.42165848
F8011,0.420513454,0.450020483,0.713427902,0.260504728,0.400430767,0.333041825,0.656257809,0.687380275,0.476266441,0.758850321,0.505311791,0.801761883,0.527092995,0.647599462,0.953579754,0.204849574,1.545519824,0.530237337,0.753538319,1.145879913,0.522334565,0.522334565,1.127778266,0.918396465,0.272203349,-0.117217528,0.586142818,0.794966248,0.542473055,0.662533448,0.870572049,0.870572049,1.216093201,0.60121185,1.577846924,0.562157949,1.016944682,1.016944682,0.258909409,0.927471684,0.272986399,0.645404947,0.310487938,1.017044271,1.017044271,0.57865265,0.058900167,0.490555559,0.490555559,1.511872772,0.373709187,0.511393544,-0.031540935,0.255987226,0.585485922,2.821352415,0.017532275,0.317680681,0.082722184,0.3626564,0.326464095,1.713245551,2.028086305,1.043901163,0.374175595,0.438060046,-0.227642707,0.067734726,-0.069018412,1.102819985,0.959801674,0.398850984,-0.102551895,1.430867906,1.085839218,3.21026551,0.222975078,0.445625726,0.575683725,0.246079944,-0.10024105,0.009510913,0.062858645,5.162816252,0.743326372,0.172759421,1.452288187,0.058691353,0.031859387,0.650417918
F8903,0.697370467,0.639377466,0.926174835,0.678033268,0.509999701,0.828714299,0.747681886,0.927636092,0.363207762,0.666393734,0.320218697,1.062622461,0.96994372,0.334974137,0.982067336,0.11235746,1.473811415,0.26663025,0.562387742,0.741728804,0.711593803,0.711593803,0.706146609,0.551904831,0.254156885,0.08295724,0.389775389,0.518811051,0.987829103,1.058971534,1.448364421,1.448364421,0.957662271,1.220595431,0.388359055,0.599337719,1.717101585,1.717101585,0.120084198,0.846074025,0.185370394,0.433956333,0.113928647,0.486740844,0.486740844,0.740609076,0.109798764,0.667280062,0.667280062,1.201806641,0.484652216,0.96290441,-0.042560694,0.162552198,0.080301085,1.269084485,0.101011277,0.270112697,0.167971152,0.038140542,0.181330764,1.01247549,1.412017717,1.190682401,0.484055642,0.429787339,-0.441311428,0.07310646,-1.163932028,0.381918578,0.263293097,0.008390493,0.112997165,1.095733839,1.157850693,0.982642823,0.734402645,5.028216109,0.445856788,0.459795473,-0.038068131,-0.010703783,0.535252554,3.60516875,0.16490432,0.453228221,1.439630008,1.641303178,0.979133175,-0.53150329
F9135,0.473808494,0.373762247,1.092826922,0.45548546,0.532822812,0.423048496,1.275321447,1.245390892,0.438249598,0.453923045,0.385899831,0.843858979,1.17825001,0.240252696,0.805672892,0.153137326,1.039350116,0.505063201,0.390763784,0.406926744,0.819456518,0.819456518,0.43155681,0.437538726,0.151073013,0.158887555,0.296740954,0.310207973,0.425832884,0.877944527,1.14162615,1.14162615,0.859777886,0.949984285,0.993989634,0.722022459,1.086217297,1.086217297,0.268364791,0.652498106,0.426239651,0.818778098,0.277538589,0.488498253,0.488498253,0.762888251,-0.05509928,1.488789172,1.488789172,1.047847328,0.682758874,0.578288438,-0.023289608,0.03123725,-0.089800947,2.385399555,-0.206160851,0.674354186,0.077859406,0.203310922,0.215735843,1.407829715,1.811667643,0.535796464,0.543453704,0.630522077,-1.214652187,0.181433362,-0.41542442,1.739184034,1.409558496,0.194426025,-0.018925014,2.196736157,0.516488104,1.945127868,0.875192894,1.852181336,0.26927671,0.658029274,-0.099683605,0.011655164,0.651807549,4.592321225,1.380702001,0.205275896,0.652977106,1.051098455,0.637677769,0.934872031
F9136,0.502623501,0.560137318,1.320761909,0.527896998,0.891839781,0.423370858,1.387444579,1.3556869,0.769131281,0.751209132,0.509020084,0.755009395,1.291918375,0.500488843,0.834400661,0.171914725,0.958529814,0.153984564,0.556847845,0.850961611,0.612880273,0.612880273,0.88350716,0.954353577,0.251297192,0.02592936,0.415358842,0.643665358,0.515226243,0.774838287,0.127985161,0.127985161,0.894242022,0.00565453,2.598066168,0.235425858,1.994799176,1.994799176,0.645316386,0.961952463,0.247230437,0.889584965,0.240550434,0.827560869,0.827560869,1.033373234,-0.162065004,0.415273135,0.415273135,1.181639835,0.348782992,0.33201945,-0.10432299,0.072429161,0.493624309,2.241477466,-0.035490281,0.449910115,-0.024511245,0.48766728,0.15742791,1.580643235,1.240523473,0.70852905,0.291668444,0.611083815,-2.476583024,0.093884688,-0.778046133,1.100086027,0.453813384,0.192515806,-0.078472148,1.419933242,0.908571063,2.258635987,0.1440309,0.200392201,1.045703022,0.262523871,-0.0367331,0.031667459,0.093104909,4.310362694,1.070245323,0.523108122,0.091083126,0.072167602,0.049754126,-1.410349584
R1519,0.711642942,1.031649044,1.060764665,0.53313593,0.947525412,0.481627192,1.174315441,1.329665933,0.488414015,0.489664884,0.528115242,0.826774407,0.777683538,0.502638132,0.952002059,0.119357455,1.575744316,0.376933878,0.304841723,0.74425871,0.687505828,0.687505828,0.858645393,0.729500171,0.211964865,0.016455255,0.474343022,0.524202018,0.586044555,0.916501632,0.512748931,0.512748931,1.095543694,0.115535586,2.551037922,0.371510243,1.068780253,1.068780253,0.630241702,0.574505095,0.657360536,0.730639235,0.883123434,0.366229139,0.366229139,0.797533803,-0.073973435,1.19094458,1.19094458,1.341866117,0.776046861,0.548092722,-0.04421221,0.284446845,1.30403646,1.678361253,-0.004453422,0.579915789,0.045362502,0.48361511,0.279372371,1.591930462,0.574149454,1.261265563,0.661809894,0.866236279,-0.479558937,0.364408595,0.661425731,1.439883352,0.952197168,0.702346181,-0.021189703,2.436117796,0.14248353,1.747729021,0.698788206,0.500399437,0.732744505,0.623002902,0.446790878,-0.024651942,0.191720207,3.189302286,0.511836209,0.365244712,0.032062872,0.330624714,0.190952005,-0.253641261
R3221,0.404651921,0.262418452,0.461239785,0.703989579,0.596186014,0.365365751,0.419121755,0.514027437,0.299167668,0.274963747,0.208898955,0.79644645,0.376986735,0.158356469,0.785087049,0.026455345,1.8298766,0.446853364,-0.049280449,0.253094245,0.765721333,0.765721333,0.245484371,0.191748257,0.100998609,1.234023058,0.176164505,0.244596933,0.840447604,0.616561412,1.21445373,1.21445373,0.857161206,0.809489254,0.44618877,0.53303566,0.432002931,0.432002931,0.199801156,0.475873938,0.324020504,0.028081834,0.263677077,0.470387163,0.470387163,0.639730807,-0.045632394,1.946167368,1.946167368,1.359061259,0.351519968,0.725885551,-0.125474103,0.259636597,-0.085856716,2.195441742,-0.083626343,0.335489866,-0.04248661,0.321308899,0.147226797,0.966077124,1.557419666,1.150816182,0.567534126,0.296322985,-0.443568615,0.179245642,-0.742664331,0.408607593,0.482554678,-0.024386605,-0.021983849,2.810012997,0.508619301,1.593854217,1.204446591,2.960303408,0.100097245,0.708712877,-0.166805891,-0.011480217,1.157498156,5.067226058,1.510863741,0.251033582,0.582143931,2.824431213,1.607201926,0.021599545
R3762,0.47011903,0.610625893,1.064659204,0.228571274,0.583554683,0.442329465,1.43072575,1.301477881,0.600284903,0.60697739,0.505969548,1.033407974,1.120742218,0.516739504,0.852395845,0.26701916,1.428698981,0.113453238,0.572949816,0.86317156,0.680312004,0.680312004,0.845824257,0.692328509,0.158034008,0.070719631,0.428388353,0.756357363,0.898963089,1.261287155,0.393825799,0.393825799,0.570381009,0.389842605,1.664681519,0.224732706,1.191346174,1.191346174,0.301465178,0.923342774,0.375564672,0.574176747,0.420605986,0.341153341,0.341153341,0.563810638,-0.067917989,0.63774385,0.63774385,2.424361141,1.320570765,0.3676554,0.045989671,0.090374138,0.827636116,1.604299458,-0.020639672,0.403043523,0.043536111,0.377258065,0.333148795,1.031104236,1.145319694,1.355091675,0.61709943,0.478681515,-0.2229438,0.157175654,-0.750189325,0.576148053,0.163886018,0.315813978,-0.038983122,1.192615255,0.456745024,1.76263544,0.304885906,-0.028554424,0.333123784,0.512011229,0.308730128,-0.002591777,0.116204567,4.206068192,0.218350579,0.37154867,0.161520575,0.096299451,0.06213569,0.951278448
R5657,0.664693989,0.677108551,0.673460208,0.359112776,0.716024071,0.448237497,0.646867407,0.707386332,0.434452827,0.932448196,0.443360558,0.366391553,0.535013673,0.672256565,0.477447951,0.155224238,1.388286309,0.391625649,0.392291376,1.034734033,0.35019593,0.35019593,0.570412773,0.524706784,0.208241331,0.098354519,0.827683033,0.480441331,0.640502966,1.143423141,0.515798131,0.515798131,0.827095909,0.136583518,0.774334211,0.182750196,1.095914031,1.095914031,0.45871741,1.181331736,0.236757862,0.449592098,0.325245701,0.689880202,0.689880202,0.794141532,-0.064858033,0.804981216,0.804981216,2.33038229,1.712332599,0.578720212,0.001027049,-0.085550386,1.682045,1.797730659,0.009170901,0.718141886,0.015150864,1.036019823,0.19267176,2.498949301,1.632784473,1.436410916,0.454059767,1.37182674,-0.244471894,0.215807748,0.550594757,1.476892728,1.1574126,0.61960139,-0.029169134,1.534235708,1.497037831,1.88976363,0.221271169,0.27772421,0.460102813,0.181957513,0.265307946,0.032401203,0.027645247,2.983632433,0.707747374,0.903392861,0.324770968,0.101092764,0.053140364,-1.64752756
R7919,0.547469133,0.536115558,0.935336483,0.303875327,0.486057672,0.495115205,1.214697706,1.195532477,0.848090544,1.137221342,0.566691397,0.783814775,0.964821031,0.606670293,0.638940388,0.230919924,0.83455437,0.474579935,0.5277837,0.680148505,0.496894359,0.496894359,0.67296512,0.805063565,0.234509466,0.010362982,1.1610129,0.507385249,0.527417286,1.129537141,1.23402515,1.23402515,1.191483111,0.373425385,2.987085762,0.204871469,1.689933589,1.689933589,0.35377332,1.346810056,0.681024756,0.37996657,0.917566866,1.169020832,1.169020832,1.849730283,-0.059202922,1.760581014,1.760581014,3.491565026,1.370395383,0.349420085,-0.040931484,0.022753607,0.800717908,2.074146097,-0.003536016,1.094109136,-0.048543973,0.996876291,0.07480347,4.965088914,1.1307595,1.230574399,0.417212365,1.242761674,-0.278166622,0.287973475,0.801617741,1.360717324,0.606184673,0.816072956,-0.036759018,1.76354697,0.584839022,1.136678684,0.286009861,0.136368871,2.218925745,0.648696887,0.29697948,0.078916697,0.11903663,3.882138273,0.390701563,0.916227178,0.096821991,0.539768087,0.320635487,-0.084665346
R8774,0.638844815,0.87986445,1.337364956,0.571891211,0.959179244,0.433469259,1.785268295,1.560928166,0.522850468,0.594816636,0.443804454,0.714848198,1.650242347,0.525732193,0.750877648,0.045465236,1.218270468,0.690614737,0.623272499,0.847833551,0.700998842,0.700998842,0.773087133,1.069777138,0.115957159,0.078954521,0.563666235,0.613364373,0.538984094,1.047839664,0.84355009,0.84355009,0.765547924,0.453449849,1.993063537,0.465615739,1.345668559,1.345668559,0.400892125,1.154498843,1.035043503,0.788436275,1.327750394,0.586845643,0.586845643,1.490716367,-0.088435144,1.261024502,1.261024502,0.982427885,0.757357129,0.539248213,-0.059715914,0.082695653,0.597628621,1.644516468,0.039008331,0.395338835,-0.074443669,0.251936093,0.08287005,1.666115377,1.627981154,1.678397026,0.774145329,0.63145163,-1.035612711,0.111727015,0.579285771,1.542905119,0.689116555,0.331462271,-0.045366174,2.403513331,0.754210224,1.220602185,0.326294766,0.103015079,1.313838268,0.265042585,0.301683182,-0.007761114,-0.016660644,3.058963498,0.351638597,0.37708022,0.432115588,0.03716225,0.009700643,-2.048320488
R8804,0.651795937,0.634101827,1.416785922,0.642154131,0.779970005,0.585336165,1.407960951,1.633408644,0.562240283,0.939077656,0.360052101,0.57321157,1.095355265,0.568415185,0.569575926,-0.004813211,1.281594617,0.724313875,0.498490977,0.712205077,0.53650292,0.53650292,0.57749781,0.839140252,0.185801458,0.266832419,0.613668594,0.619075661,0.729400096,1.883856458,0.571437885,0.571437885,0.528632236,0.3801788,1.460845166,0.181225849,1.574102271,1.574102271,0.793595691,1.637424561,0.265742624,0.60375475,0.301824793,0.815002524,0.815002524,0.9906808,-0.167713753,1.869488536,1.869488536,2.282290166,1.420464258,0.483262821,-0.034584919,0.003716915,0.589689321,2.083968002,-0.636291606,0.84570077,-0.037519928,1.006955961,0.2075214,1.707011218,1.869492018,1.123147611,0.651800013,1.325370946,-0.522775664,0.324607158,0.043035272,1.324306377,0.550685153,0.391396689,0.003986358,1.121435837,0.389365013,3.543984705,0.250054793,0.486379953,0.673185276,0.485176132,0.160228826,0.000331203,0.087009324,3.562345627,0.345213584,0.817031533,0.606821293,0.319678522,0.176205553,-1.632173241
R9150,0.885949012,0.926854683,1.247559094,0.255449232,0.999838709,0.494071442,1.303249969,1.286516165,0.368238558,0.440322412,0.491201751,0.356308601,1.349354236,0.494923885,0.549391488,0.519720407,0.81898886,0.607664146,0.562178814,0.428034047,0.869941939,0.869941939,0.387816963,0.837360793,0.179654187,-0.009272483,0.420997982,0.394655291,0.418786751,1.078377151,0.680655031,0.680655031,1.040633741,0.458706089,0.766527263,0.265551719,1.747125819,1.747125819,0.322464412,0.805373252,0.613567872,1.388944094,2.229892429,2.263351436,2.263351436,1.320750977,-0.024933752,0.744606581,0.744606581,0.834029999,1.084550431,0.528838994,-0.017162295,-0.009171591,0.522141745,1.583313242,0.019348556,0.653920567,0.02601661,0.213298058,0.191001436,1.023764296,1.324943361,1.210429754,0.438820274,0.598422455,-0.21987759,0.187838563,-0.06549495,3.209459396,0.33616927,0.409531883,-0.024050701,-0.0249394,1.109623963,4.044483672,0.23236969,-0.027159465,0.366589619,0.190489002,0.439260942,0.048569877,0.086866013,3.203046826,0.163334278,0.440946966,4.437849559,0.058160204,0.042346731,0.249220546
R9318,0.388918031,0.396839967,0.266834622,0.213573064,0.705675873,0.352150438,0.38229876,0.429708404,0.477008686,0.45792201,0.250921179,0.441001627,0.255516932,0.372696263,0.488296717,0.049299011,1.077866092,-0.065054358,0.227545503,0.696037394,0.283575138,0.283575138,0.522219471,0.244584252,0.194349581,-0.198359389,1.091803271,0.337608497,0.825040801,0.512852297,-0.197625966,-0.197625966,0.816307775,-0.193783181,2.721101631,0.151643717,1.200942749,1.200942749,0.38441803,0.419028539,0.229731425,0.084400836,0.254831971,0.219354083,0.219354083,0.415528142,-0.089493618,0.219460563,0.219460563,1.951969056,0.553213007,0.16177663,-0.039827158,-0.028068709,0.856869435,3.382809217,0.51385412,0.432930922,-0.085583289,0.299956126,0.091423554,0.626587695,0.687276836,1.490965412,0.383314355,0.612248783,-4.907532849,0.105600181,0.470476873,1.312303828,0.939107928,0.354564131,-0.133181557,0.207342159,0.416425629,2.131224956,0.238821892,-0.001535444,0.777786677,0.195543847,1.526952797,0.005068995,0.095515871,3.540387656,1.307467899,0.618704739,0.055698866,0.089189824,0.079596797,-0.73823185
T0700,0.699553316,0.725826937,1.509500505,0.289445445,0.801148402,0.572012648,2.285772355,2.192795957,0.740532951,0.509472129,0.716733775,0.506837653,1.549215309,0.783874317,0.69147338,0.377767965,1.188410344,0.249716694,0.530421347,0.772571802,0.550552243,0.550552243,0.806828529,1.011414766,0.009351655,0.041865701,0.967993738,0.533100115,0.481508467,1.624248901,0.526469899,0.526469899,1.44713969,0.240968711,2.142328304,0.153521409,1.119865734,1.119865734,0.871706135,0.973160976,0.957550351,0.835588192,2.149001354,0.645003058,0.645003058,0.71905458,-0.040576632,0.726809245,0.726809245,2.38866121,0.497591757,0.448945377,0.047392317,-0.015084377,1.046383027,2.561289625,0.046545906,0.862124886,-0.059531004,0.399135829,0.055112703,2.17713016,0.482941302,1.73698752,1.035280213,1.011377039,-0.334058826,0.019390988,0.359038255,5.819445296,0.307833115,0.269437838,-0.032165861,0.057434679,1.350143895,2.759359261,0.019354147,-0.031666607,0.32813204,0.245038875,2.320611989,0.253227804,-0.020909982,3.105897308,0.31900614,1.139401552,0.698466531,-0.008119352,-0.012816356,-1.681973214
T1820,0.68091178,0.951612734,1.129522466,0.216194214,0.753250802,0.407153424,1.473786131,1.52720234,0.370819714,0.709253135,0.305982258,0.596383251,2.060999611,0.402114978,0.668443023,0.179901943,1.047928632,0.276081639,0.469359784,0.873251432,0.469149748,0.469149748,0.772946708,0.863576528,0.223625679,0.096317885,0.623587518,0.627398797,0.322238897,0.998780048,0.296108666,0.296108666,0.706196648,0.212648906,0.562916582,0.149400644,0.809903742,0.809903742,0.215653622,1.064365264,0.316996461,0.124124647,0.446383039,0.497758272,0.497758272,1.212543641,-0.149632546,1.291046644,1.291046644,1.300537923,0.668128006,0.497758527,0.067970353,0.234664538,0.38569875,2.834941059,0.003505477,0.390900851,0.048308007,0.094457462,0.25501119,3.179496766,0.46894474,0.872056089,0.304230002,0.441547275,-1.468823816,0.059235341,-1.547445317,1.078791289,0.338021203,1.194421388,-0.059472044,1.498672208,0.274795124,0.964971434,0.483975082,0.036683729,0.971505566,0.985083322,0.284955527,0.056846144,0.071288255,3.09267219,0.408308484,0.40136807,0.184201503,0.559207988,0.350098698,-0.880180747
T2100,0.477938501,0.417633315,0.676159947,0.59873344,0.33411307,0.420054084,0.539890231,0.665483112,0.529599631,0.463638842,0.344497208,0.815584508,0.597101441,0.314543839,0.884097263,0.124589715,1.422264131,0.342196693,0.579703572,0.487062493,0.691981767,0.691981767,0.443085861,0.694838833,0.20975306,0.324904842,0.258158202,0.397700272,0.532292913,0.524251095,0.687311476,0.687311476,1.207455411,0.517992892,0.51659994,0.392070348,0.965105361,0.965105361,0.283114047,0.309008129,0.307693307,0.440264974,0.15682647,0.288127261,0.288127261,0.70789559,0.058349618,1.347530275,1.347530275,1.066368233,0.295044991,0.874664087,-0.09229593,0.212102181,0.301898912,1.39752949,0.142856403,0.259508728,0.32583586,0.092201737,0.32285688,0.384312001,0.903762717,0.205054259,0.911112479,0.233401838,-0.116646487,0.269537375,-0.936206578,0.284736976,0.29222681,0.010804404,0.012393873,1.920590423,0.169454868,1.683380839,1.234903601,1.845095165,0.40375777,0.997630475,-0.132478505,0.000748263,0.670603558,3.740378339,0.225416958,0.699758964,1.736817558,2.199331834,1.407445541,0.711993126
T2413,0.414809485,0.476938473,1.013404592,0.636828999,0.34912518,0.410827178,0.971465127,1.083975795,0.25916653,0.334694735,0.341724558,0.700772958,1.000029171,0.326553588,0.80848035,0.119370226,1.371667343,0.247489671,0.41173885,0.561370495,0.735966835,0.735966835,0.560130376,0.23637002,0.240754072,0.152950754,0.153526928,0.476951797,1.156802431,0.860093077,0.456770949,0.456770949,1.009756052,0.685257402,0.603359228,0.311475781,0.474332174,0.474332174,0.111651947,0.828960364,0.124324968,0.587837556,0.195890698,0.471736463,0.471736463,0.713233964,-0.109789192,0.887179766,0.887179766,0.386088361,0.417679579,1.135995034,-0.070816301,0.168592935,0.064742199,1.516727182,0.033214624,0.530540904,0.330805049,-0.046729089,0.148880026,0.656460842,1.191782235,0.519400172,0.557184495,0.77625113,-1.578964695,0.235828292,-0.883205339,0.722613273,0.253773505,-0.019190722,0.222612358,1.520284048,0.322795858,3.044246108,1.158272138,2.105143171,0.291722478,0.954982907,-0.007181626,-0.009925703,0.72556847,3.764815621,0.14666396,0.810558646,2.831306294,1.69918327,1.027723178,-1.979552045
T4070,0.532413981,0.492611959,1.345681498,0.598234042,0.67822737,0.616687427,1.436560252,1.409129694,0.18576577,1.017507746,0.50379804,0.679226926,1.302362929,0.486093256,0.950791282,0.136021923,0.908078237,0.710557151,0.505672177,0.89473331,0.828258736,0.828258736,0.920146412,0.458531169,0.164900739,0.017779316,0.34460533,0.731043064,0.299816851,0.96215753,0.586077013,0.586077013,0.529178498,0.558346847,0.421870529,0.318454588,2.225372867,2.225372867,0.377424519,1.40339239,0.117665295,0.284116449,0.231596909,0.938495588,0.938495588,1.466702378,-0.222655672,1.024042716,1.024042716,1.47865324,0.691375438,0.650260325,0.016707352,0.589683766,-0.070497048,1.536295092,-0.034083169,0.52767005,-0.079799182,0.526040487,0.679716821,2.9515666,2.074462765,2.008034974,0.18463066,0.542515208,-0.259975366,-0.050161632,-0.105712735,1.558486092,0.358485207,0.428059213,-0.032721007,2.444565902,2.549198347,2.494277937,0.232706573,0.34624002,1.528784702,0.147187146,-0.134123565,0.015625109,0.026344531,3.563163527,0.177521635,0.377174863,0.248769038,0.029355416,5.11675E-06,0.219292916
T4954,0.452454612,0.568562099,1.71193556,0.359096471,0.632319561,0.500584382,2.485384725,2.476870376,0.774575275,1.089658959,0.460278174,0.703133993,2.577170822,0.785757149,0.770060479,-0.033017837,1.15332286,0.661623287,0.72116157,0.922771587,0.618400147,0.618400147,0.688500996,0.796122337,0.281883078,0.128728797,0.833554374,0.47571768,0.716234937,1.444968409,0.72918995,0.72918995,0.872647806,0.283666311,2.009787998,0.227835361,1.840169947,1.840169947,0.470807307,0.880280369,0.25037886,0.322783932,0.290612273,0.553001924,0.553001924,2.061942731,-0.161426581,1.356895932,1.356895932,2.299779504,1.65775535,0.46482658,-0.018691518,0.040257552,1.151334172,2.007328082,-0.201101782,1.001279684,-0.147905409,1.032445988,0.125645225,3.672673829,1.327677968,2.151337849,0.678868857,0.957353632,-0.730937393,0.454492949,0.30944817,2.153678089,1.034909537,0.98673315,-0.054787005,1.892081659,0.439390953,4.48117943,0.358316124,0.172417124,1.449688138,0.297633303,0.142589428,0.006588154,0.01433881,3.140593143,0.551726354,1.109847592,0.148664508,0.134272695,0.066425902,-1.240225354
T5062,0.44959501,0.484346483,0.779924132,0.425865631,0.663428606,0.394757104,0.989055056,1.106133188,0.233882269,0.859937218,0.41381381,0.553826302,0.820998958,0.650767639,0.569572913,0.102874527,0.419053097,0.924563338,0.505800218,1.085555144,0.448515045,0.448515045,0.734392019,0.940896647,0.167106154,0.018011907,0.803824185,0.750406568,0.372148171,1.091019644,0.631529021,0.631529021,1.28085164,0.081440592,1.064030943,0.193248326,1.147025895,1.147025895,0.36301761,0.834575525,0.345862323,0.619253722,0.320424462,1.018310939,1.018310939,0.923897404,-0.084647253,0.472343317,0.472343317,2.732447306,0.944936262,0.485237436,0.006178483,-0.166818535,1.072305474,2.390660212,0.215511713,0.5559496,0.043157514,0.292846516,0.285616165,1.470452314,3.468044932,1.244801361,0.386806303,0.640090397,-1.64500187,0.097904169,0.775981816,2.584545671,1.987953081,0.100003931,-0.117443385,1.937550654,0.461638136,1.215296468,0.315360405,0.174805932,0.742091646,0.483738312,-0.074622679,0.099690443,0.170589598,4.506463633,1.524265852,0.52564456,0.387091883,0.193988785,0.104241369,1.345765936
T5177,0.460769071,0.421075637,1.134946015,0.457957091,0.94640289,0.442552593,1.459945431,1.354508038,0.886632608,1.303087286,0.516556429,1.040714879,1.0625885,0.454687897,0.984043828,0.056034607,1.558751468,0.633684585,0.180671698,0.84774105,0.91393071,0.91393071,0.797793561,1.09257172,0.336947935,-0.022939918,0.481389041,0.684105598,0.355365724,1.391399859,0.924498222,0.924498222,0.744307385,0.651026381,1.840784998,0.264089064,1.714072222,1.714072222,0.457912933,1.289948839,0.496564848,0.540503399,0.906579505,0.568484947,0.568484947,0.965675928,-0.127626043,1.046968178,1.046968178,2.909128783,0.699116971,0.560838524,-0.016740804,-0.031832823,0.599614311,3.570281562,0.10448389,0.455513761,0.039725954,0.428143827,0.269724827,1.751619487,1.05248487,0.80436912,0.383920668,0.571805384,-0.033808489,0.189523353,-0.849166002,0.527119004,0.216200562,0.195541192,-0.050097907,1.934573654,0.714372603,2.891084703,0.209119822,0.397753759,1.417093926,0.281529318,0.356161476,0.025927917,0.069898338,4.484599531,0.107669369,0.400258874,0.17936068,0.103962075,0.066623549,3.104456768
T5282,1.01479562,1.23436689,0.966643036,0.207197773,0.760283428,0.581198899,0.807407948,0.897556364,0.822520849,1.201861591,0.405298724,0.628904497,0.715672357,0.636826377,0.597355154,0.229785687,1.224923629,0.42879599,0.578980311,0.572774083,0.621946377,0.621946377,0.381711375,1.070343266,0.166235472,0.201249558,1.134884242,0.327330175,0.541255673,0.76342444,0.827210081,0.827210081,0.807439514,0.465550873,0.73742126,0.630067943,1.36591403,1.36591403,0.595645178,1.25516303,0.36276022,0.808586015,0.240165476,0.526057847,0.526057847,0.776379011,-0.026954533,1.361666608,1.361666608,1.397766919,0.979935671,0.643616017,-0.055768349,0.204791303,1.039080394,1.817256188,0.001108221,0.717045223,0.086773672,1.001638683,0.09108039,1.740989692,1.286393982,1.479836456,0.492468991,0.926855582,-0.553796112,0.350888192,-0.630072615,1.540847739,1.540223531,0.331084976,0.01200497,1.155355124,1.466944608,1.975194352,0.90650154,0.613006649,0.449885801,0.431190505,-0.019522932,0.032760028,0.119317887,3.152145262,0.60917608,0.80580923,0.355737327,0.805460536,0.479527075,-3.669431826
T6591,0.694680096,0.703873673,0.613699215,0.47118898,0.871951134,0.479631503,0.454761341,0.513263485,1.155956136,0.562179399,0.349569589,0.418469156,0.271123649,0.550263787,0.61715598,0.134876277,1.665215111,0.679102236,0.414521829,0.784489938,0.392361307,0.392361307,0.589275942,1.362428768,0.117728913,0.277282559,0.508515934,0.868403131,0.694036662,0.690169195,0.418027816,0.418027816,0.5670828,0.351523879,1.578263179,0.388017221,0.924371519,0.924371519,0.727977404,0.980070533,0.443120801,0.576357914,0.240358666,0.540349629,0.540349629,0.344708825,-0.063943858,1.033856265,1.033856265,1.719970713,0.801397639,0.399879106,0.010340581,0.256945356,1.368830609,3.594190589,-0.13734068,0.712499865,0.076265174,0.75713311,0.242222837,1.978240015,1.238691547,1.057342012,0.351835923,0.945667222,-2.535272263,0.304907319,0.059870788,1.054304074,1.212777711,0.197007748,0.005685315,0.824364107,1.222534017,3.589658903,0.2027102,0.51672393,0.3247038,0.251280978,-0.079268988,0.051872576,0.064939569,4.347360576,1.796619314,0.327469932,0.654827003,0.24633351,0.143826324,-3.648634768
T8546,0.475521082,0.731449355,1.397664436,0.332833828,0.590489595,0.414456662,1.888088142,1.73829366,0.873848358,0.584452452,0.361396993,0.731617572,1.806694055,0.429586567,0.732548413,0.195675792,0.791605496,0.466798252,0.749017656,0.469240435,0.958380675,0.958380675,0.499265026,1.093857113,0.350041915,0.288408806,0.470038965,0.290457422,0.602045183,0.701597755,0.375491575,0.375491575,0.546087594,0.31147601,1.547934399,0.306262732,1.60422598,1.60422598,0.49949166,0.862179187,0.280361383,0.433339603,0.196648157,0.412557951,0.412557951,1.258199912,-0.202704271,1.439027026,1.439027026,0.978374685,0.492171554,0.700352133,-0.090450177,0.130008072,0.578001341,2.769719789,0.010619045,0.578676537,0.032646021,0.63756576,0.134866159,1.921121702,2.157970534,1.22954799,0.582507593,0.572997033,0.708424374,0.165232047,-0.868096679,1.812062431,0.519286141,0.740521005,-0.031778613,0.92507507,0.230895391,2.771049778,0.551989185,0.163886807,0.853459487,0.452339568,-0.070281631,0.022460733,0.193908481,4.21049945,0.347753827,0.28296968,0.988370204,0.121849889,0.10329909,0.045488721
T8724,0.775168097,0.592842282,1.565785455,0.55806639,0.446764215,0.693487264,1.698556414,1.85288234,0.192099583,0.636156569,0.394449655,0.459424583,1.662404245,0.344181264,0.86331251,0.108974768,1.217048795,0.495977261,0.418238475,0.537523278,0.90759305,0.90759305,0.576732599,0.154122701,0.096772708,0.063676856,0.166701703,0.505866474,0.205976136,0.651636854,1.134708919,1.134708919,0.568756857,0.441285537,0.588020091,0.276937874,1.173694779,1.173694779,0.219388603,1.36065577,0.125066421,0.848548709,0.08464475,0.246540811,0.246540811,0.660276663,-0.219335114,1.391262602,1.391262602,0.849761575,0.273793416,1.010665479,-0.025857571,0.107283027,0.294834377,1.672765448,-0.060822941,0.223811577,0.202369794,0.016788714,0.050683499,1.374218366,1.60814959,0.383209179,0.801873642,0.768981817,-0.303200936,0.088536821,-2.252731094,0.667591746,0.195956728,0.140145405,0.04850668,2.112245733,1.338782062,1.266491924,0.673915177,5.13798708,0.579570809,0.751777998,-0.203906143,-0.004645406,0.380422408,3.405398095,0.097542609,0.499567279,0.563117573,0.897472347,0.527493159,0.827183166
X3720,0.88924792,1.048048708,1.612692453,0.320603166,0.741958663,0.500696189,2.130879152,2.254876242,0.670432843,0.750661237,0.445418117,0.871759192,2.156346015,0.492022018,0.571359591,0.237538584,1.375479798,0.159219987,1.065107293,0.432150947,0.723892529,0.723892529,0.458811652,1.27830111,0.407412885,0.082032403,0.77550788,0.280711428,0.689289488,0.735434634,0.65587975,0.65587975,0.619401612,0.390551682,1.356181311,0.363244422,2.44660335,2.44660335,0.669656861,0.915761218,0.940802535,0.419041761,0.905595758,0.568983269,0.568983269,1.454180554,-0.103003406,1.669979099,1.669979099,1.485588614,0.752565873,0.740574689,-0.033783451,0.080959507,0.6163904,1.261666827,0.291379373,0.669091065,0.020045893,0.672576029,0.117350999,2.0583721,2.091663286,0.964911552,0.818337249,0.787574303,0.472607189,0.48384677,-1.246155227,0.770617415,0.288171854,0.585008536,-0.021841075,1.555570208,0.576225328,2.327070175,0.407065648,0.569826241,1.388151773,0.328852282,-0.02765299,-0.012778406,0.087974929,3.323871989,0.179642598,0.627603146,0.196017442,0.147218236,0.086185462,-0.397577052
X7790,0.534751056,0.385609119,0.94723426,0.364194203,0.661651797,0.45986334,1.110337089,1.133619081,0.276963237,0.989111236,0.300688697,0.410405256,0.85964463,0.529128002,0.40757615,0.065640933,0.549930613,0.311237412,0.656148743,0.753299501,0.279335468,0.279335468,0.576812076,0.487944308,0.128593928,-0.01404468,0.397515155,0.718711003,0.532061741,1.845470724,0.044416425,0.044416425,0.784810124,-0.067061976,1.609185004,-0.185002852,1.338660236,1.338660236,0.455940021,1.23377893,0.081976122,0.295611237,0.143812885,0.708532567,0.708532567,1.176642253,-0.101475787,0.912119501,0.912119501,2.182372963,1.27058703,0.437940045,-0.123973911,-0.180936508,1.181543987,1.871087983,1.117444028,1.462378871,-0.047008967,0.816648557,0.203908352,2.24872806,1.030038958,1.507253522,0.25468094,1.550114714,-3.240635671,0.313086992,0.605777549,1.704404547,0.890053097,0.228818015,-0.013356528,1.04189337,1.87196534,4.21842812,0.160567527,0.14502217,0.548348829,0.13121464,0.594497068,0.238207388,0.022886627,3.683745037,0.511301344,1.145747447,0.068301107,0.040369797,0.010915541,-2.410246627
X7910,0.709034974,0.63241055,2.044449217,0.796506245,0.829726104,0.708240568,2.050884169,1.856871781,0.434683382,0.470923432,0.614471109,0.76466665,1.608067521,0.479859911,0.984608514,0.126658223,1.686470787,0.413812875,0.487644546,0.892070922,0.793992981,0.793992981,0.881665739,0.314961971,0.159242096,0.128177539,0.206748838,0.944889229,0.460160872,1.276942326,0.673110466,0.673110466,1.024738254,0.392267508,0.779015447,0.435926299,1.335827288,1.335827288,0.401977543,1.360947123,0.15112523,0.852594129,0.224773818,0.349601805,0.349601805,1.481794793,-0.206175635,1.028848216,1.028848216,0.997846786,0.852576038,0.996943226,-0.023928201,0.209748022,0.103537183,1.165953982,0.015929152,0.96767722,0.200101241,0.339680033,0.177872865,2.8131004,1.359060365,1.362754223,0.871809589,1.32094905,0.185768507,0.220560453,-0.865173537,0.745450323,0.307325875,0.264916825,0.040480075,1.620475189,1.154484074,2.150200398,0.900524366,2.633252658,0.704303615,0.774829925,-0.078038095,0.019164126,0.315333016,4.532350828,0.188685272,0.331279629,0.422082653,0.576135507,0.340159861,0.558598245
X8719,0.462271891,0.337864025,0.233759021,0.170337413,0.550505277,0.25337335,0.210955651,0.254226745,0.133306918,0.173410941,0.287018472,0.392757987,0.208942198,0.20413752,0.211653169,0.394683742,0.393142882,0.113894229,0.216372569,0.201542783,0.196705036,0.196705036,0.182689102,0.220936301,0.166189288,0.17327075,0.366275594,0.105001177,0.440001112,0.030880583,0.022440295,0.022440295,0.32275519,0.032573898,0.051735326,0.06303312,1.039198666,1.039198666,0.329234588,0.365894327,0.580923338,-0.000402779,1.314664357,0.855715046,0.855715046,0.811049001,-0.070929778,0.809506474,0.809506474,0.47726785,0.06482151,0.458252122,-0.011025529,0.207792308,0.272943847,0.564413806,3.093783063,0.577904749,-0.076616441,0.331736532,0.068287627,0.434075152,0.853452002,1.799568899,0.989831447,0.858726929,-0.177747785,0.203551856,-0.380070133,1.271804524,1.547207129,0.274822153,-0.028571176,0.109455299,0.235617664,3.627024526,0.517486224,1.506996189,0.912362905,0.296359053,-0.088012265,0.017963864,0.090151148,3.025880808,0.388476826,1.008201681,0.275373112,0.322479945,0.244701276,-2.691856752
